<?xml version="1.0" encoding="UTF-8"?>
<beans xmlns = "http://www.springframework.org/schema/beans"
   xmlns:xsi = "http://www.w3.org/2001/XMLSchema-instance"
   xsi:schemaLocation = "http://www.springframework.org/schema/beans
   http://www.springframework.org/schema/beans/spring-beans-3.0.xsd">
 
   

   <bean id="s1"  class="Maven.MavenDemo.Student">
   <constructor-arg name="name"  value="varsha"></constructor-arg>
   <constructor-arg name="roll"  value="01"></constructor-arg>
   </bean>
   
	<bean id="e1"  class="Maven.MavenDemo.Employee">
   	<constructor-arg name="name"  value="varsha"></constructor-arg>	 
   	<constructor-arg name="id"  value="01"></constructor-arg>
   	<constructor-arg name="salary"  value="30000"></constructor-arg>
   	<constructor-arg name="address"  value="Banglore"></constructor-arg>
   	</bean>




</beans>