<?xml version="1.0" encoding="UTF-8"?>
<beans xmlns="http://www.springframework.org/schema/beans"
       xmlns:xsi="http://www.w3.org/2001/XMLSchema-instance"
       xmlns:context="http://www.springframework.org/schema/context"
       xsi:schemaLocation="http://www.springframework.org/schema/beans 
           http://www.springframework.org/schema/beans/spring-beans-3.0.xsd
           http://www.springframework.org/schema/context
           http://www.springframework.org/schema/context/spring-context-3.0.xsd">

     <context:annotation-config/>
 

    <bean id="msg" class="Maven.maven.MyMessage">
</bean>
 

    <bean id="msgpass" class="Maven.maven.MessagePass">
</bean>
 
 	<bean id="adrs" class="Maven.maven.Address">
 	</bean>
 	<bean id="stdadr" class="Maven.maven.Student">
 	</bean>
 	
 	<bean id="sal" class="Maven.maven.Salary">
 	</bean>
 	<bean id="empsal" class="Maven.maven.Employee">
 	</bean>

</beans>